--
-- PostgreSQL database dump
--

-- Dumped from database version 10.1
-- Dumped by pg_dump version 10.1

SET statement_timeout = 0;
SET lock_timeout = 0;
SET idle_in_transaction_session_timeout = 0;
SET client_encoding = 'UTF8';
SET standard_conforming_strings = on;
SET check_function_bodies = false;
SET client_min_messages = warning;
SET row_security = off;

--
-- Name: plpgsql; Type: EXTENSION; Schema: -; Owner: 
--

CREATE EXTENSION IF NOT EXISTS plpgsql WITH SCHEMA pg_catalog;


--
-- Name: EXTENSION plpgsql; Type: COMMENT; Schema: -; Owner: 
--

COMMENT ON EXTENSION plpgsql IS 'PL/pgSQL procedural language';


SET search_path = public, pg_catalog;

SET default_tablespace = '';

SET default_with_oids = false;

--
-- Name: schema_migrations; Type: TABLE; Schema: public; Owner: postgres
--

CREATE TABLE schema_migrations (
    version bigint NOT NULL,
    inserted_at timestamp without time zone
);


ALTER TABLE schema_migrations OWNER TO postgres;

--
-- Name: taggables; Type: TABLE; Schema: public; Owner: postgres
--

CREATE TABLE taggables (
    id uuid NOT NULL,
    user_id uuid,
    tag_id uuid,
    inserted_at timestamp without time zone NOT NULL,
    updated_at timestamp without time zone NOT NULL
);


ALTER TABLE taggables OWNER TO postgres;

--
-- Name: tags; Type: TABLE; Schema: public; Owner: postgres
--

CREATE TABLE tags (
    id uuid NOT NULL,
    name character varying(255),
    identifier character varying(255),
    tag_type character varying(255),
    inserted_at timestamp without time zone NOT NULL,
    updated_at timestamp without time zone NOT NULL
);


ALTER TABLE tags OWNER TO postgres;

--
-- Name: users; Type: TABLE; Schema: public; Owner: postgres
--

CREATE TABLE users (
    id uuid NOT NULL,
    full_name character varying(255),
    country character varying(255),
    inserted_at timestamp without time zone NOT NULL,
    updated_at timestamp without time zone NOT NULL
);


ALTER TABLE users OWNER TO postgres;

--
-- Data for Name: schema_migrations; Type: TABLE DATA; Schema: public; Owner: postgres
--

COPY schema_migrations (version, inserted_at) FROM stdin;
20180111001408	2018-01-11 08:07:04.125429
20180111004315	2018-01-11 08:07:04.154438
20180111034605	2018-01-11 08:07:04.183628
\.


--
-- Data for Name: taggables; Type: TABLE DATA; Schema: public; Owner: postgres
--

COPY taggables (id, user_id, tag_id, inserted_at, updated_at) FROM stdin;
7f19dcc4-d6b5-4b37-8c74-2a868a1e7bb5	7ccaa468-c4ed-41f8-b46b-f856fdcf27c9	526f45de-8c65-48db-bdbb-92976893d9b0	2018-01-11 08:07:04.440595	2018-01-11 08:07:04.440599
d95dc448-a448-4a17-9d20-012a3f1f73ba	7ccaa468-c4ed-41f8-b46b-f856fdcf27c9	799fcaea-8eac-4f94-a4a0-94d774b7dd83	2018-01-11 08:07:04.450595	2018-01-11 08:07:04.450599
5328a867-eefb-4532-af2d-57bbdb7f7b0c	7ccaa468-c4ed-41f8-b46b-f856fdcf27c9	eb238b61-fa9f-48c9-a634-ab5c7cd3e6ee	2018-01-11 08:07:04.45986	2018-01-11 08:07:04.459865
a9be71ee-22ac-4da1-b39e-2e7f410c2d51	7ccaa468-c4ed-41f8-b46b-f856fdcf27c9	a7d41c25-0452-47eb-b400-7237b2ff2c6d	2018-01-11 08:07:04.465351	2018-01-11 08:07:04.465356
94502aca-2f1b-46c8-8e79-4424f387a3a1	7ccaa468-c4ed-41f8-b46b-f856fdcf27c9	3f00f5b8-8047-481a-b459-73a94147df48	2018-01-11 08:07:04.468338	2018-01-11 08:07:04.468342
2cc9a2a8-e31d-41b9-90b3-2148140c5d2c	7ccaa468-c4ed-41f8-b46b-f856fdcf27c9	e3fae870-81b8-486e-a4af-3cb8ea831491	2018-01-11 08:07:04.471435	2018-01-11 08:07:04.47144
465bd2a7-d96b-4407-815d-7465e69b9560	7ccaa468-c4ed-41f8-b46b-f856fdcf27c9	9d875b41-46d4-47f4-8b6e-b945219d30b5	2018-01-11 08:07:04.474255	2018-01-11 08:07:04.47426
5b30298c-4c7a-4371-83a4-669d3fa005b8	7ccaa468-c4ed-41f8-b46b-f856fdcf27c9	7aed98f2-a3b6-48cf-a3b0-10fbd09ed5ae	2018-01-11 08:07:04.477399	2018-01-11 08:07:04.477405
f3cb80f7-3f8b-49ec-b8ee-4fb871bf13ff	7ccaa468-c4ed-41f8-b46b-f856fdcf27c9	a5c3a87c-7951-4736-b850-1c67892f9dbc	2018-01-11 08:07:04.480387	2018-01-11 08:07:04.480391
2569a3a6-6830-45fc-9de7-642d58472cd2	7ccaa468-c4ed-41f8-b46b-f856fdcf27c9	d9302871-66cf-4e39-8e85-3111dc5c6b74	2018-01-11 08:07:04.483605	2018-01-11 08:07:04.483609
25f30a35-463a-4566-a43c-b32d17b33f79	7ccaa468-c4ed-41f8-b46b-f856fdcf27c9	dda25cf1-107a-4ab3-8e58-b4fd44e6633d	2018-01-11 08:07:04.486136	2018-01-11 08:07:04.48614
6446c1f3-1168-4cc5-8a0b-a90aa8022b2d	7ccaa468-c4ed-41f8-b46b-f856fdcf27c9	a9278a89-496c-4c63-8877-6dcf2783ffad	2018-01-11 08:07:04.487667	2018-01-11 08:07:04.48767
77e0971e-cefc-480d-a3dc-fea701b4807d	7ccaa468-c4ed-41f8-b46b-f856fdcf27c9	d91027e0-0821-4a9a-bdfc-1241ca891e26	2018-01-11 08:07:04.489318	2018-01-11 08:07:04.489322
5dba01df-c0d6-4a0a-973b-1964d5e59c07	b2088d7b-1f27-41fe-b680-b026cd04d51e	dda25cf1-107a-4ab3-8e58-b4fd44e6633d	2018-01-11 08:07:04.490577	2018-01-11 08:07:04.490581
669afb6a-78a7-40e2-86c1-1da889fd4748	b2088d7b-1f27-41fe-b680-b026cd04d51e	3f00f5b8-8047-481a-b459-73a94147df48	2018-01-11 08:07:04.491816	2018-01-11 08:07:04.49182
dd53db4f-e3fb-4bab-86d7-c60ccf67443c	b2088d7b-1f27-41fe-b680-b026cd04d51e	a5c3a87c-7951-4736-b850-1c67892f9dbc	2018-01-11 08:07:04.493088	2018-01-11 08:07:04.493091
3ea19856-bcb5-42b4-9e60-e3fc01735638	b2088d7b-1f27-41fe-b680-b026cd04d51e	d9302871-66cf-4e39-8e85-3111dc5c6b74	2018-01-11 08:07:04.494433	2018-01-11 08:07:04.494437
e236b326-e957-4a70-8d70-d2f95047996b	b2088d7b-1f27-41fe-b680-b026cd04d51e	e3fae870-81b8-486e-a4af-3cb8ea831491	2018-01-11 08:07:04.495773	2018-01-11 08:07:04.495777
3a0b17be-6434-4031-8ec5-94471345c71a	b2088d7b-1f27-41fe-b680-b026cd04d51e	52cede06-6571-45f5-88ac-1c9f85ca646e	2018-01-11 08:07:04.497582	2018-01-11 08:07:04.497586
ed7d3c50-d346-4163-8074-480f577c1883	b2088d7b-1f27-41fe-b680-b026cd04d51e	d91027e0-0821-4a9a-bdfc-1241ca891e26	2018-01-11 08:07:04.499421	2018-01-11 08:07:04.499427
689d375c-f26b-401c-bdb7-1bf9083058a8	b2088d7b-1f27-41fe-b680-b026cd04d51e	a9278a89-496c-4c63-8877-6dcf2783ffad	2018-01-11 08:07:04.500733	2018-01-11 08:07:04.500737
448c8f0c-f736-45b1-bad9-994254ee821b	5641a7f1-67cc-4931-9a5f-978852ea34af	d9302871-66cf-4e39-8e85-3111dc5c6b74	2018-01-11 08:07:04.501804	2018-01-11 08:07:04.501808
2152c52b-4ec6-4374-a250-3692279aa9b7	5641a7f1-67cc-4931-9a5f-978852ea34af	3f00f5b8-8047-481a-b459-73a94147df48	2018-01-11 08:07:04.502967	2018-01-11 08:07:04.502971
7c886e11-13e0-4c43-a298-87cd26ac4683	5641a7f1-67cc-4931-9a5f-978852ea34af	7aed98f2-a3b6-48cf-a3b0-10fbd09ed5ae	2018-01-11 08:07:04.504098	2018-01-11 08:07:04.504102
cac5d7c9-7ff5-4f55-b659-fc0272ddf766	5641a7f1-67cc-4931-9a5f-978852ea34af	52cede06-6571-45f5-88ac-1c9f85ca646e	2018-01-11 08:07:04.508156	2018-01-11 08:07:04.508161
0c891db9-0bc5-4571-9e88-e9a725403081	5641a7f1-67cc-4931-9a5f-978852ea34af	0e9d7e32-e576-42d4-a303-490484eb6140	2018-01-11 08:07:04.509443	2018-01-11 08:07:04.509446
da1fa7e5-39fb-47f1-8348-39bb7e8426ae	12b05ff4-691b-4d69-9108-0cedf3f37fa4	c1043589-f23b-450f-b570-ed2d69b29e93	2018-01-11 08:07:04.510778	2018-01-11 08:07:04.510781
b35ce5fa-ef57-4810-abbb-eb54ed4486a4	12b05ff4-691b-4d69-9108-0cedf3f37fa4	526f45de-8c65-48db-bdbb-92976893d9b0	2018-01-11 08:07:04.512156	2018-01-11 08:07:04.51216
cfbe95ca-0528-47bb-b10a-ada6a6067045	12b05ff4-691b-4d69-9108-0cedf3f37fa4	18d4e18f-a4e4-4bc2-a955-ae98c4403373	2018-01-11 08:07:04.513604	2018-01-11 08:07:04.513608
30d61d32-8d89-4dcb-9b1f-67c5cd1da17d	12b05ff4-691b-4d69-9108-0cedf3f37fa4	a7d41c25-0452-47eb-b400-7237b2ff2c6d	2018-01-11 08:07:04.514952	2018-01-11 08:07:04.514956
311d2002-cebe-4e37-8f72-befdf982d93e	12b05ff4-691b-4d69-9108-0cedf3f37fa4	0e9d7e32-e576-42d4-a303-490484eb6140	2018-01-11 08:07:04.516381	2018-01-11 08:07:04.516385
922a20f8-91b6-43ab-8e69-2c16f3fe30cc	5641a7f1-67cc-4931-9a5f-978852ea34af	799fcaea-8eac-4f94-a4a0-94d774b7dd83	2018-01-11 08:07:04.518069	2018-01-11 08:07:04.518073
041341a2-fd46-4ac5-b8f7-a7065ff4bd4d	5641a7f1-67cc-4931-9a5f-978852ea34af	eb238b61-fa9f-48c9-a634-ab5c7cd3e6ee	2018-01-11 08:07:04.519497	2018-01-11 08:07:04.519501
f27cd9f7-0809-4f56-904d-620509e10553	5641a7f1-67cc-4931-9a5f-978852ea34af	c1043589-f23b-450f-b570-ed2d69b29e93	2018-01-11 08:07:04.521174	2018-01-11 08:07:04.521177
bf4fb350-22b2-460f-b53f-5359927bdc97	5641a7f1-67cc-4931-9a5f-978852ea34af	b55d79d9-e021-4207-b4ba-2977504de18b	2018-01-11 08:07:04.522609	2018-01-11 08:07:04.522612
d4956d02-9af8-493d-93fb-d74fdb082689	5641a7f1-67cc-4931-9a5f-978852ea34af	067e8a70-b579-4a89-8ad7-ab6400299d47	2018-01-11 08:07:04.524262	2018-01-11 08:07:04.524265
93019e32-25d1-4b41-9202-afd5c834f88b	5641a7f1-67cc-4931-9a5f-978852ea34af	35ec2c31-4be1-49b5-99ea-6e2519d8e3b8	2018-01-11 08:07:04.525894	2018-01-11 08:07:04.525898
20e037a9-bbcf-4737-a970-1115a372015c	5641a7f1-67cc-4931-9a5f-978852ea34af	526f45de-8c65-48db-bdbb-92976893d9b0	2018-01-11 08:07:04.527085	2018-01-11 08:07:04.527089
d46b133e-1cc5-4725-b0e6-32503d807f76	5641a7f1-67cc-4931-9a5f-978852ea34af	a7d41c25-0452-47eb-b400-7237b2ff2c6d	2018-01-11 08:07:04.528464	2018-01-11 08:07:04.528467
64c4bb40-a13c-4582-bd67-c90fc61180ba	5641a7f1-67cc-4931-9a5f-978852ea34af	f7578d96-8e75-48e2-bb7d-71cd28862f21	2018-01-11 08:07:04.529731	2018-01-11 08:07:04.529734
48362656-a503-4166-9c2e-025b276aef21	5641a7f1-67cc-4931-9a5f-978852ea34af	d946afad-0ecb-4e9a-a150-0aa83ab7bb6f	2018-01-11 08:07:04.530981	2018-01-11 08:07:04.530985
5ce8c1d9-ab54-4072-9c0f-03d21958b95e	5641a7f1-67cc-4931-9a5f-978852ea34af	48548ce0-fbe7-4f60-a4d3-03ba0d5c5a71	2018-01-11 08:07:04.532294	2018-01-11 08:07:04.532297
713aefbb-ceab-44ab-9654-02a68c9cc190	5641a7f1-67cc-4931-9a5f-978852ea34af	18d4e18f-a4e4-4bc2-a955-ae98c4403373	2018-01-11 08:07:04.533701	2018-01-11 08:07:04.533705
98ecbff5-9b45-45f4-b0be-ffd0daed5852	5641a7f1-67cc-4931-9a5f-978852ea34af	a4080ff7-a8c8-4af1-95f0-3d79ae519ff9	2018-01-11 08:07:04.535034	2018-01-11 08:07:04.535038
90b98bb2-faea-47f1-8a5d-9d09d03d741f	1b7c578c-9b4a-4d90-baad-6ac406c0131b	a7d41c25-0452-47eb-b400-7237b2ff2c6d	2018-01-11 08:07:04.536192	2018-01-11 08:07:04.536195
ce64f245-4b98-48a2-a13c-1cece1d08f79	e1b4532e-97f2-4336-9276-4815b3f3bb6a	a7d41c25-0452-47eb-b400-7237b2ff2c6d	2018-01-11 08:07:04.537607	2018-01-11 08:07:04.537611
d4ec191e-57ee-4645-b6d4-b92dcbc28516	a87a8506-ef6c-4cdb-861e-9eca7d79dbcd	a7d41c25-0452-47eb-b400-7237b2ff2c6d	2018-01-11 08:07:04.53886	2018-01-11 08:07:04.538864
298bf894-0300-4295-9844-0566aa782c28	a100ebf8-5110-47fe-a555-7ff0da930b6c	a7d41c25-0452-47eb-b400-7237b2ff2c6d	2018-01-11 08:07:04.539948	2018-01-11 08:07:04.539951
d13b9432-75e4-4ae9-b0b3-3b6b4196a5ce	0bdb2538-76c1-49b8-bee0-f27bbbfff8ae	a7d41c25-0452-47eb-b400-7237b2ff2c6d	2018-01-11 08:07:04.541618	2018-01-11 08:07:04.541622
cb900cbe-6ffc-49b8-b322-a07a1f481858	042807cc-26e1-4122-9235-23412eacaa79	a7d41c25-0452-47eb-b400-7237b2ff2c6d	2018-01-11 08:07:04.542964	2018-01-11 08:07:04.542969
a1d142a3-eb21-433a-9153-65fc737592d5	7ccaa468-c4ed-41f8-b46b-f856fdcf27c9	f111dc23-19f5-4b27-b679-9c40fb420d25	2018-01-11 08:07:04.544382	2018-01-11 08:07:04.544386
a546ed7c-95f1-4816-9f06-2947cbc8a5f2	7ccaa468-c4ed-41f8-b46b-f856fdcf27c9	48548ce0-fbe7-4f60-a4d3-03ba0d5c5a71	2018-01-11 08:07:04.545533	2018-01-11 08:07:04.545537
62a2ce10-d56f-42f4-89db-7f00feffaf5c	7ccaa468-c4ed-41f8-b46b-f856fdcf27c9	18d4e18f-a4e4-4bc2-a955-ae98c4403373	2018-01-11 08:07:04.546774	2018-01-11 08:07:04.546778
3a146adc-42c3-46d3-a3a5-c981199af9d4	7ccaa468-c4ed-41f8-b46b-f856fdcf27c9	f7578d96-8e75-48e2-bb7d-71cd28862f21	2018-01-11 08:07:04.547986	2018-01-11 08:07:04.547989
df746620-ce1e-4b85-93b3-ebdff5c4327c	b2088d7b-1f27-41fe-b680-b026cd04d51e	799fcaea-8eac-4f94-a4a0-94d774b7dd83	2018-01-11 08:07:04.549174	2018-01-11 08:07:04.549177
12610972-a7e4-420b-b9a7-4bfc4a416df3	b2088d7b-1f27-41fe-b680-b026cd04d51e	b55d79d9-e021-4207-b4ba-2977504de18b	2018-01-11 08:07:04.553254	2018-01-11 08:07:04.553258
7a040dab-b447-4b08-8eb2-29dba6aabc65	b2088d7b-1f27-41fe-b680-b026cd04d51e	c1043589-f23b-450f-b570-ed2d69b29e93	2018-01-11 08:07:04.554773	2018-01-11 08:07:04.554776
a370f2b5-e846-4f3e-b8d1-a352a2b50d46	b2088d7b-1f27-41fe-b680-b026cd04d51e	526f45de-8c65-48db-bdbb-92976893d9b0	2018-01-11 08:07:04.556146	2018-01-11 08:07:04.556149
ffef9f65-4dcc-4161-a4ed-58f05cd474a2	b2088d7b-1f27-41fe-b680-b026cd04d51e	067e8a70-b579-4a89-8ad7-ab6400299d47	2018-01-11 08:07:04.55753	2018-01-11 08:07:04.557533
ea11c712-d6f3-4ae3-b6fa-91f373af30a7	b2088d7b-1f27-41fe-b680-b026cd04d51e	35ec2c31-4be1-49b5-99ea-6e2519d8e3b8	2018-01-11 08:07:04.559082	2018-01-11 08:07:04.559086
1adddbd7-3407-4e2e-a692-8ae9c14d8fde	b2088d7b-1f27-41fe-b680-b026cd04d51e	a7d41c25-0452-47eb-b400-7237b2ff2c6d	2018-01-11 08:07:04.560953	2018-01-11 08:07:04.560956
e1a9b0b7-cdbc-4204-9944-c28c18436ec9	b2088d7b-1f27-41fe-b680-b026cd04d51e	d946afad-0ecb-4e9a-a150-0aa83ab7bb6f	2018-01-11 08:07:04.562338	2018-01-11 08:07:04.562341
fe9df482-3ef4-4dd8-92f1-5940a06ca1cf	b2088d7b-1f27-41fe-b680-b026cd04d51e	a4080ff7-a8c8-4af1-95f0-3d79ae519ff9	2018-01-11 08:07:04.56358	2018-01-11 08:07:04.563583
b539487b-3c33-427a-99c1-351c4a85cf9f	b2088d7b-1f27-41fe-b680-b026cd04d51e	18d4e18f-a4e4-4bc2-a955-ae98c4403373	2018-01-11 08:07:04.564697	2018-01-11 08:07:04.564701
\.


--
-- Data for Name: tags; Type: TABLE DATA; Schema: public; Owner: postgres
--

COPY tags (id, name, identifier, tag_type, inserted_at, updated_at) FROM stdin;
eb238b61-fa9f-48c9-a634-ab5c7cd3e6ee	Hair & Beauty	beauty	category	2018-01-11 08:07:04.377959	2018-01-11 08:07:04.377964
799fcaea-8eac-4f94-a4a0-94d774b7dd83	Fashion & Lifestyle	fashion	category	2018-01-11 08:07:04.385817	2018-01-11 08:07:04.385821
067e8a70-b579-4a89-8ad7-ab6400299d47	Fitness	fitness	category	2018-01-11 08:07:04.393661	2018-01-11 08:07:04.393666
b55d79d9-e021-4207-b4ba-2977504de18b	Foodie	foodie	category	2018-01-11 08:07:04.400021	2018-01-11 08:07:04.400024
35ec2c31-4be1-49b5-99ea-6e2519d8e3b8	Health & Wellbeing	health	category	2018-01-11 08:07:04.401751	2018-01-11 08:07:04.401755
526f45de-8c65-48db-bdbb-92976893d9b0	Artistic	photography	category	2018-01-11 08:07:04.403421	2018-01-11 08:07:04.403425
c1043589-f23b-450f-b570-ed2d69b29e93	Travel	travel	category	2018-01-11 08:07:04.405071	2018-01-11 08:07:04.405074
a7d41c25-0452-47eb-b400-7237b2ff2c6d	Photo	photo	format	2018-01-11 08:07:04.406757	2018-01-11 08:07:04.40676
dda25cf1-107a-4ab3-8e58-b4fd44e6633d	Athleisure	athleisure	narrative	2018-01-11 08:07:04.408379	2018-01-11 08:07:04.408383
3f00f5b8-8047-481a-b459-73a94147df48	Cheap Fashion	cheap_fashion	narrative	2018-01-11 08:07:04.41011	2018-01-11 08:07:04.410115
e3fae870-81b8-486e-a4af-3cb8ea831491	Fashionista	fashionista	narrative	2018-01-11 08:07:04.4113	2018-01-11 08:07:04.411305
9d875b41-46d4-47f4-8b6e-b945219d30b5	Flashy	flashy	narrative	2018-01-11 08:07:04.41239	2018-01-11 08:07:04.412394
7aed98f2-a3b6-48cf-a3b0-10fbd09ed5ae	Hipster	hipster	narrative	2018-01-11 08:07:04.41375	2018-01-11 08:07:04.413755
a5c3a87c-7951-4736-b850-1c67892f9dbc	Luxury Fashion	luxury	narrative	2018-01-11 08:07:04.415055	2018-01-11 08:07:04.415059
d9302871-66cf-4e39-8e85-3111dc5c6b74	Mid Price Fashion	mid_price_fashion	narrative	2018-01-11 08:07:04.416093	2018-01-11 08:07:04.416097
a4080ff7-a8c8-4af1-95f0-3d79ae519ff9	Blog	blog	social_network	2018-01-11 08:07:04.419714	2018-01-11 08:07:04.419718
d946afad-0ecb-4e9a-a150-0aa83ab7bb6f	Facebook	facebook	social_network	2018-01-11 08:07:04.420957	2018-01-11 08:07:04.420961
18d4e18f-a4e4-4bc2-a955-ae98c4403373	Instagram	instagram	social_network	2018-01-11 08:07:04.422256	2018-01-11 08:07:04.42226
48548ce0-fbe7-4f60-a4d3-03ba0d5c5a71	Pinterest	pinterest	social_network	2018-01-11 08:07:04.423538	2018-01-11 08:07:04.423541
f7578d96-8e75-48e2-bb7d-71cd28862f21	Snapchat	snapchat	social_network	2018-01-11 08:07:04.42487	2018-01-11 08:07:04.424874
f111dc23-19f5-4b27-b679-9c40fb420d25	Twitter	twitter	social_network	2018-01-11 08:07:04.426114	2018-01-11 08:07:04.426118
52cede06-6571-45f5-88ac-1c9f85ca646e	Flatlay	flatlay	style	2018-01-11 08:07:04.427362	2018-01-11 08:07:04.427365
0e9d7e32-e576-42d4-a303-490484eb6140	Landscapes	landscapes	style	2018-01-11 08:07:04.428594	2018-01-11 08:07:04.428598
d91027e0-0821-4a9a-bdfc-1241ca891e26	Product in use	product_in_use	style	2018-01-11 08:07:04.429828	2018-01-11 08:07:04.429832
a9278a89-496c-4c63-8877-6dcf2783ffad	Selfies	selfies	style	2018-01-11 08:07:04.431049	2018-01-11 08:07:04.431052
\.


--
-- Data for Name: users; Type: TABLE DATA; Schema: public; Owner: postgres
--

COPY users (id, full_name, country, inserted_at, updated_at) FROM stdin;
042807cc-26e1-4122-9235-23412eacaa79	Alberto Giubilini	Singapore	2018-01-11 08:07:04.322699	2018-01-11 08:07:04.322704
b2088d7b-1f27-41fe-b680-b026cd04d51e	Bill Fulford	Australia	2018-01-11 08:07:04.332027	2018-01-11 08:07:04.332032
5641a7f1-67cc-4931-9a5f-978852ea34af	Clare Heyward	Australia	2018-01-11 08:07:04.340679	2018-01-11 08:07:04.340684
e1b4532e-97f2-4336-9276-4815b3f3bb6a	Dominic Wilkinson	Singapore	2018-01-11 08:07:04.347385	2018-01-11 08:07:04.347389
7ccaa468-c4ed-41f8-b46b-f856fdcf27c9	Frances Kamm	Australia	2018-01-11 08:07:04.351197	2018-01-11 08:07:04.351201
0bdb2538-76c1-49b8-bee0-f27bbbfff8ae	Hannah Maslen	Hong Kong	2018-01-11 08:07:04.354615	2018-01-11 08:07:04.35462
1b7c578c-9b4a-4d90-baad-6ac406c0131b	Ichinose Masaki	Singapore	2018-01-11 08:07:04.357747	2018-01-11 08:07:04.357751
12b05ff4-691b-4d69-9108-0cedf3f37fa4	Jeff McMahan	Australia	2018-01-11 08:07:04.360356	2018-01-11 08:07:04.36036
a100ebf8-5110-47fe-a555-7ff0da930b6c	Katrien Devolder	Hong Kong	2018-01-11 08:07:04.36305	2018-01-11 08:07:04.363054
a87a8506-ef6c-4cdb-861e-9eca7d79dbcd	Nicholas Shackel	Hong Kong	2018-01-11 08:07:04.36576	2018-01-11 08:07:04.365766
\.


--
-- Name: schema_migrations schema_migrations_pkey; Type: CONSTRAINT; Schema: public; Owner: postgres
--

ALTER TABLE ONLY schema_migrations
    ADD CONSTRAINT schema_migrations_pkey PRIMARY KEY (version);


--
-- Name: taggables taggables_pkey; Type: CONSTRAINT; Schema: public; Owner: postgres
--

ALTER TABLE ONLY taggables
    ADD CONSTRAINT taggables_pkey PRIMARY KEY (id);


--
-- Name: tags tags_pkey; Type: CONSTRAINT; Schema: public; Owner: postgres
--

ALTER TABLE ONLY tags
    ADD CONSTRAINT tags_pkey PRIMARY KEY (id);


--
-- Name: users users_pkey; Type: CONSTRAINT; Schema: public; Owner: postgres
--

ALTER TABLE ONLY users
    ADD CONSTRAINT users_pkey PRIMARY KEY (id);


--
-- Name: taggables taggables_tag_id_fkey; Type: FK CONSTRAINT; Schema: public; Owner: postgres
--

ALTER TABLE ONLY taggables
    ADD CONSTRAINT taggables_tag_id_fkey FOREIGN KEY (tag_id) REFERENCES tags(id) ON DELETE CASCADE;


--
-- Name: taggables taggables_user_id_fkey; Type: FK CONSTRAINT; Schema: public; Owner: postgres
--

ALTER TABLE ONLY taggables
    ADD CONSTRAINT taggables_user_id_fkey FOREIGN KEY (user_id) REFERENCES users(id) ON DELETE CASCADE;


--
-- PostgreSQL database dump complete
--

